date,region,product,orders,revenue
2025-01-01,NA,📱 Mobile,18,15052.04
2025-01-01,NA,💻 Laptop,22,28767.12
2025-01-01,NA,🎧 Audio,15,3252.75
2025-01-01,NA,🖥 Desktop,18,21648.18
2025-01-01,EU,📱 Mobile,21,14632.07
2025-01-01,EU,💻 Laptop,18,23684.78
2025-01-01,EU,🎧 Audio,9,1996.07
2025-01-01,EU,🖥 Desktop,20,22007.32
2025-01-01,APAC,📱 Mobile,7,5729.53
2025-01-01,APAC,💻 Laptop,7,10174.54
2025-01-01,APAC,🎧 Audio,13,3599.51
2025-01-01,APAC,🖥 Desktop,12,13491.11
2025-01-01,LATAM,📱 Mobile,9,6786.32
2025-01-01,LATAM,💻 Laptop,9,14780.31
2025-01-01,LATAM,🎧 Audio,10,2604.19
2025-01-01,LATAM,🖥 Desktop,11,12694.69
2025-01-02,NA,📱 Mobile,18,12497.48
2025-01-02,NA,💻 Laptop,19,25985.95
2025-01-02,NA,🎧 Audio,17,4013.04
2025-01-02,NA,🖥 Desktop,15,18462.03
2025-01-02,EU,📱 Mobile,13,11318.46
2025-01-02,EU,💻 Laptop,18,28611.85
2025-01-02,EU,🎧 Audio,17,4282.13
2025-01-02,EU,🖥 Desktop,22,29371.09
2025-01-02,APAC,📱 Mobile,12,10982.9
2025-01-02,APAC,💻 Laptop,10,13281.3
2025-01-02,APAC,🎧 Audio,8,1791.19
2025-01-02,APAC,🖥 Desktop,15,17940.4
2025-01-02,LATAM,📱 Mobile,12,10361.96
2025-01-02,LATAM,💻 Laptop,9,13795.76
2025-01-02,LATAM,🎧 Audio,10,2646.47
2025-01-02,LATAM,🖥 Desktop,7,8637.81
2025-01-03,NA,📱 Mobile,15,13223.88
2025-01-03,NA,💻 Laptop,17,28901.81
2025-01-03,NA,🎧 Audio,12,2604.6
2025-01-03,NA,🖥 Desktop,21,26723.28
2025-01-03,EU,📱 Mobile,9,7895.36
2025-01-03,EU,💻 Laptop,6,8418.41
2025-01-03,EU,🎧 Audio,12,2570.31
2025-01-03,EU,🖥 Desktop,21,24910.42
2025-01-03,APAC,📱 Mobile,13,9023.94
2025-01-03,APAC,💻 Laptop,14,22689.87
2025-01-03,APAC,🎧 Audio,14,3385.5
2025-01-03,APAC,🖥 Desktop,14,18671.97
2025-01-03,LATAM,📱 Mobile,11,8930.52
2025-01-03,LATAM,💻 Laptop,10,16725.23
2025-01-03,LATAM,🎧 Audio,11,2567.2
2025-01-03,LATAM,🖥 Desktop,4,4678.03
2025-01-04,NA,📱 Mobile,9,8188.7
2025-01-04,NA,💻 Laptop,19,25515.37
2025-01-04,NA,🎧 Audio,15,3450.0
2025-01-04,NA,🖥 Desktop,16,19113.39
2025-01-04,EU,📱 Mobile,10,6809.82
2025-01-04,EU,💻 Laptop,10,14635.26
2025-01-04,EU,🎧 Audio,9,2555.84
2025-01-04,EU,🖥 Desktop,14,17760.09
2025-01-04,APAC,📱 Mobile,6,5053.73
2025-01-04,APAC,💻 Laptop,8,10394.37
2025-01-04,APAC,🎧 Audio,12,3337.06
2025-01-04,APAC,🖥 Desktop,6,7843.41
2025-01-04,LATAM,📱 Mobile,5,3524.24
2025-01-04,LATAM,💻 Laptop,7,10923.01
2025-01-04,LATAM,🎧 Audio,6,1368.94
2025-01-04,LATAM,🖥 Desktop,6,6470.57
2025-01-05,NA,📱 Mobile,13,8840.73
2025-01-05,NA,💻 Laptop,15,20146.04
2025-01-05,NA,🎧 Audio,17,3645.01
2025-01-05,NA,🖥 Desktop,16,21356.15
2025-01-05,EU,📱 Mobile,10,7405.42
2025-01-05,EU,💻 Laptop,11,15744.58
2025-01-05,EU,🎧 Audio,11,3037.87
2025-01-05,EU,🖥 Desktop,13,17907.72
2025-01-05,APAC,📱 Mobile,6,4203.67
2025-01-05,APAC,💻 Laptop,9,11888.86
2025-01-05,APAC,🎧 Audio,8,2197.31
2025-01-05,APAC,🖥 Desktop,10,10781.18
2025-01-05,LATAM,📱 Mobile,10,8067.82
2025-01-05,LATAM,💻 Laptop,6,8045.83
2025-01-05,LATAM,🎧 Audio,6,1512.65
2025-01-05,LATAM,🖥 Desktop,6,8233.56
2025-01-06,NA,📱 Mobile,25,18566.69
2025-01-06,NA,💻 Laptop,14,20160.21
2025-01-06,NA,🎧 Audio,24,6058.67
2025-01-06,NA,🖥 Desktop,28,36412.87
2025-01-06,EU,📱 Mobile,15,13121.44
2025-01-06,EU,💻 Laptop,20,34364.33
2025-01-06,EU,🎧 Audio,22,6025.25
2025-01-06,EU,🖥 Desktop,11,14149.9
2025-01-06,APAC,📱 Mobile,13,9949.36
2025-01-06,APAC,💻 Laptop,17,21896.7
2025-01-06,APAC,🎧 Audio,15,3479.07
2025-01-06,APAC,🖥 Desktop,13,16501.0
2025-01-06,LATAM,📱 Mobile,11,9953.74
2025-01-06,LATAM,💻 Laptop,8,13756.94
2025-01-06,LATAM,🎧 Audio,11,2519.38
2025-01-06,LATAM,🖥 Desktop,8,8813.32
2025-01-07,NA,📱 Mobile,21,17425.29
2025-01-07,NA,💻 Laptop,23,38643.19
2025-01-07,NA,🎧 Audio,23,6013.89
2025-01-07,NA,🖥 Desktop,15,19618.08
2025-01-07,EU,📱 Mobile,23,20661.97
2025-01-07,EU,💻 Laptop,20,32540.73
2025-01-07,EU,🎧 Audio,17,3840.12
2025-01-07,EU,🖥 Desktop,12,15649.07
2025-01-07,APAC,📱 Mobile,10,9131.98
2025-01-07,APAC,💻 Laptop,18,26156.29
2025-01-07,APAC,🎧 Audio,6,1601.16
2025-01-07,APAC,🖥 Desktop,18,19461.62
2025-01-07,LATAM,📱 Mobile,10,8971.65
2025-01-07,LATAM,💻 Laptop,10,16379.26
2025-01-07,LATAM,🎧 Audio,11,3146.25
2025-01-07,LATAM,🖥 Desktop,12,15079.4
2025-01-08,NA,📱 Mobile,16,11382.98
2025-01-08,NA,💻 Laptop,25,32035.23
2025-01-08,NA,🎧 Audio,28,7055.82
2025-01-08,NA,🖥 Desktop,19,25765.99
2025-01-08,EU,📱 Mobile,9,7904.5
2025-01-08,EU,💻 Laptop,21,28769.35
2025-01-08,EU,🎧 Audio,17,3919.19
2025-01-08,EU,🖥 Desktop,21,25853.46
2025-01-08,APAC,📱 Mobile,13,9248.95
2025-01-08,APAC,💻 Laptop,16,26952.12
2025-01-08,APAC,🎧 Audio,11,2818.76
2025-01-08,APAC,🖥 Desktop,16,21528.75
2025-01-08,LATAM,📱 Mobile,4,3201.58
2025-01-08,LATAM,💻 Laptop,11,16657.53
2025-01-08,LATAM,🎧 Audio,8,1964.07
2025-01-08,LATAM,🖥 Desktop,9,9773.27
2025-01-09,NA,📱 Mobile,30,21640.9
2025-01-09,NA,💻 Laptop,21,31249.51
2025-01-09,NA,🎧 Audio,19,4502.02
2025-01-09,NA,🖥 Desktop,14,16892.48
2025-01-09,EU,📱 Mobile,10,7054.66
2025-01-09,EU,💻 Laptop,15,22907.0
2025-01-09,EU,🎧 Audio,17,4597.13
2025-01-09,EU,🖥 Desktop,21,25258.32
2025-01-09,APAC,📱 Mobile,8,7191.98
2025-01-09,APAC,💻 Laptop,11,16219.08
2025-01-09,APAC,🎧 Audio,10,2509.12
2025-01-09,APAC,🖥 Desktop,10,12693.83
2025-01-09,LATAM,📱 Mobile,6,4768.37
2025-01-09,LATAM,💻 Laptop,10,16986.76
2025-01-09,LATAM,🎧 Audio,7,1982.14
2025-01-09,LATAM,🖥 Desktop,4,4453.81
2025-01-10,NA,📱 Mobile,9,7934.4
2025-01-10,NA,💻 Laptop,16,21387.37
2025-01-10,NA,🎧 Audio,24,5230.58
2025-01-10,NA,🖥 Desktop,24,26559.12
2025-01-10,EU,📱 Mobile,23,19967.33
2025-01-10,EU,💻 Laptop,20,33573.24
2025-01-10,EU,🎧 Audio,21,5502.4
2025-01-10,EU,🖥 Desktop,23,24643.87
2025-01-10,APAC,📱 Mobile,20,14654.02
2025-01-10,APAC,💻 Laptop,7,11925.39
2025-01-10,APAC,🎧 Audio,10,2867.4
2025-01-10,APAC,🖥 Desktop,15,19795.2
2025-01-10,LATAM,📱 Mobile,10,8037.45
2025-01-10,LATAM,💻 Laptop,11,15703.62
2025-01-10,LATAM,🎧 Audio,10,2666.61
2025-01-10,LATAM,🖥 Desktop,11,11297.15
2025-01-11,NA,📱 Mobile,10,6843.4
2025-01-11,NA,💻 Laptop,13,18514.26
2025-01-11,NA,🎧 Audio,11,2390.54
2025-01-11,NA,🖥 Desktop,11,15120.93
2025-01-11,EU,📱 Mobile,14,9872.06
2025-01-11,EU,💻 Laptop,4,5578.02
2025-01-11,EU,🎧 Audio,17,3957.32
2025-01-11,EU,🖥 Desktop,13,13866.32
2025-01-11,APAC,📱 Mobile,4,3506.22
2025-01-11,APAC,💻 Laptop,12,16696.49
2025-01-11,APAC,🎧 Audio,12,3063.54
2025-01-11,APAC,🖥 Desktop,13,16537.95
2025-01-11,LATAM,📱 Mobile,7,5916.19
2025-01-11,LATAM,💻 Laptop,6,8798.36
2025-01-11,LATAM,🎧 Audio,10,2600.83
2025-01-11,LATAM,🖥 Desktop,8,10468.69
2025-01-12,NA,📱 Mobile,21,14615.78
2025-01-12,NA,💻 Laptop,18,29938.48
2025-01-12,NA,🎧 Audio,11,2793.78
2025-01-12,NA,🖥 Desktop,15,20304.01
2025-01-12,EU,📱 Mobile,12,9677.52
2025-01-12,EU,💻 Laptop,14,19352.15
2025-01-12,EU,🎧 Audio,13,2811.62
2025-01-12,EU,🖥 Desktop,13,14204.28
2025-01-12,APAC,📱 Mobile,8,6898.24
2025-01-12,APAC,💻 Laptop,11,15460.31
2025-01-12,APAC,🎧 Audio,8,1908.2
2025-01-12,APAC,🖥 Desktop,9,9238.85
2025-01-12,LATAM,📱 Mobile,6,5135.64
2025-01-12,LATAM,💻 Laptop,6,9137.83
2025-01-12,LATAM,🎧 Audio,7,1978.19
2025-01-12,LATAM,🖥 Desktop,8,8466.09
2025-01-13,NA,📱 Mobile,23,18372.41
2025-01-13,NA,💻 Laptop,16,26409.22
2025-01-13,NA,🎧 Audio,16,4225.29
2025-01-13,NA,🖥 Desktop,25,34341.96
2025-01-13,EU,📱 Mobile,13,11044.98
2025-01-13,EU,💻 Laptop,25,39029.74
2025-01-13,EU,🎧 Audio,14,3032.11
2025-01-13,EU,🖥 Desktop,20,21334.69
2025-01-13,APAC,📱 Mobile,18,13344.17
2025-01-13,APAC,💻 Laptop,16,21575.37
2025-01-13,APAC,🎧 Audio,19,5278.02
2025-01-13,APAC,🖥 Desktop,17,21443.72
2025-01-13,LATAM,📱 Mobile,9,6753.01
2025-01-13,LATAM,💻 Laptop,11,16299.29
2025-01-13,LATAM,🎧 Audio,10,2322.43
2025-01-13,LATAM,🖥 Desktop,11,15028.67
2025-01-14,NA,📱 Mobile,27,19944.01
2025-01-14,NA,💻 Laptop,20,34191.0
2025-01-14,NA,🎧 Audio,19,4039.02
2025-01-14,NA,🖥 Desktop,25,28934.64
2025-01-14,EU,📱 Mobile,12,8738.82
2025-01-14,EU,💻 Laptop,18,27038.36
2025-01-14,EU,🎧 Audio,21,4603.86
2025-01-14,EU,🖥 Desktop,18,20948.83
2025-01-14,APAC,📱 Mobile,14,10542.26
2025-01-14,APAC,💻 Laptop,14,19316.7
2025-01-14,APAC,🎧 Audio,10,2687.91
2025-01-14,APAC,🖥 Desktop,11,13823.87
2025-01-14,LATAM,📱 Mobile,8,6187.87
2025-01-14,LATAM,💻 Laptop,4,5687.04
2025-01-14,LATAM,🎧 Audio,10,2668.12
2025-01-14,LATAM,🖥 Desktop,9,11264.03
2025-01-15,NA,📱 Mobile,31,27716.05
2025-01-15,NA,💻 Laptop,24,37375.19
2025-01-15,NA,🎧 Audio,20,4458.96
2025-01-15,NA,🖥 Desktop,11,13294.08
2025-01-15,EU,📱 Mobile,9,7858.1
2025-01-15,EU,💻 Laptop,17,27997.03
2025-01-15,EU,🎧 Audio,9,2373.45
2025-01-15,EU,🖥 Desktop,13,16504.77
2025-01-15,APAC,📱 Mobile,14,9967.19
2025-01-15,APAC,💻 Laptop,14,20122.46
2025-01-15,APAC,🎧 Audio,19,4833.4
2025-01-15,APAC,🖥 Desktop,17,21181.93
2025-01-15,LATAM,📱 Mobile,7,5582.01
2025-01-15,LATAM,💻 Laptop,7,8935.44
2025-01-15,LATAM,🎧 Audio,10,2502.23
2025-01-15,LATAM,🖥 Desktop,5,6063.36
2025-01-16,NA,📱 Mobile,20,17136.58
2025-01-16,NA,💻 Laptop,19,26381.25
2025-01-16,NA,🎧 Audio,25,6680.0
2025-01-16,NA,🖥 Desktop,23,25159.2
2025-01-16,EU,📱 Mobile,17,13575.31
2025-01-16,EU,💻 Laptop,5,7235.76
2025-01-16,EU,🎧 Audio,11,2970.25
2025-01-16,EU,🖥 Desktop,19,23600.1
2025-01-16,APAC,📱 Mobile,13,9299.97
2025-01-16,APAC,💻 Laptop,12,16671.28
2025-01-16,APAC,🎧 Audio,13,3316.07
2025-01-16,APAC,🖥 Desktop,11,11269.38
2025-01-16,LATAM,📱 Mobile,11,9254.08
2025-01-16,LATAM,💻 Laptop,10,15864.83
2025-01-16,LATAM,🎧 Audio,8,2009.92
2025-01-16,LATAM,🖥 Desktop,7,8310.95
2025-01-17,NA,📱 Mobile,18,16100.62
2025-01-17,NA,💻 Laptop,22,30022.58
2025-01-17,NA,🎧 Audio,34,7269.64
2025-01-17,NA,🖥 Desktop,19,22519.36
2025-01-17,EU,📱 Mobile,23,18120.97
2025-01-17,EU,💻 Laptop,7,9771.27
2025-01-17,EU,🎧 Audio,21,4794.37
2025-01-17,EU,🖥 Desktop,29,35650.57
2025-01-17,APAC,📱 Mobile,16,14538.52
2025-01-17,APAC,💻 Laptop,17,22689.43
2025-01-17,APAC,🎧 Audio,15,4185.22
2025-01-17,APAC,🖥 Desktop,10,12732.01
2025-01-17,LATAM,📱 Mobile,10,7966.74
2025-01-17,LATAM,💻 Laptop,14,18006.46
2025-01-17,LATAM,🎧 Audio,12,2955.68
2025-01-17,LATAM,🖥 Desktop,9,10158.32
2025-01-18,NA,📱 Mobile,17,12849.6
2025-01-18,NA,💻 Laptop,17,28102.77
2025-01-18,NA,🎧 Audio,21,5784.1
2025-01-18,NA,🖥 Desktop,15,15948.22
2025-01-18,EU,📱 Mobile,17,15238.39
2025-01-18,EU,💻 Laptop,10,14054.25
2025-01-18,EU,🎧 Audio,10,2874.09
2025-01-18,EU,🖥 Desktop,15,18481.55
2025-01-18,APAC,📱 Mobile,8,5968.3
2025-01-18,APAC,💻 Laptop,11,14263.93
2025-01-18,APAC,🎧 Audio,13,3040.98
2025-01-18,APAC,🖥 Desktop,12,16281.75
2025-01-18,LATAM,📱 Mobile,6,4815.79
2025-01-18,LATAM,💻 Laptop,8,10883.46
2025-01-18,LATAM,🎧 Audio,3,836.46
2025-01-18,LATAM,🖥 Desktop,9,11810.76
2025-01-19,NA,📱 Mobile,9,8151.91
2025-01-19,NA,💻 Laptop,9,13699.37
2025-01-19,NA,🎧 Audio,15,4011.4
2025-01-19,NA,🖥 Desktop,14,16552.34
2025-01-19,EU,📱 Mobile,13,9732.97
2025-01-19,EU,💻 Laptop,8,10376.32
2025-01-19,EU,🎧 Audio,14,3470.79
2025-01-19,EU,🖥 Desktop,12,13724.62
2025-01-19,APAC,📱 Mobile,8,7314.49
2025-01-19,APAC,💻 Laptop,13,18096.99
2025-01-19,APAC,🎧 Audio,8,2034.39
2025-01-19,APAC,🖥 Desktop,8,9295.78
2025-01-19,LATAM,📱 Mobile,7,5109.23
2025-01-19,LATAM,💻 Laptop,7,11778.77
2025-01-19,LATAM,🎧 Audio,5,1402.35
2025-01-19,LATAM,🖥 Desktop,6,8272.39
2025-01-20,NA,📱 Mobile,19,13797.38
2025-01-20,NA,💻 Laptop,22,28948.07
2025-01-20,NA,🎧 Audio,20,4608.69
2025-01-20,NA,🖥 Desktop,23,25599.2
2025-01-20,EU,📱 Mobile,9,7739.26
2025-01-20,EU,💻 Laptop,14,20450.52
2025-01-20,EU,🎧 Audio,13,3129.94
2025-01-20,EU,🖥 Desktop,21,23976.82
2025-01-20,APAC,📱 Mobile,16,14595.91
2025-01-20,APAC,💻 Laptop,15,19974.65
2025-01-20,APAC,🎧 Audio,9,2494.93
2025-01-20,APAC,🖥 Desktop,14,15368.45
2025-01-20,LATAM,📱 Mobile,9,6983.48
2025-01-20,LATAM,💻 Laptop,11,16232.0
2025-01-20,LATAM,🎧 Audio,14,3891.54
2025-01-20,LATAM,🖥 Desktop,8,8222.81
2025-01-21,NA,📱 Mobile,30,26849.01
2025-01-21,NA,💻 Laptop,23,34223.33
2025-01-21,NA,🎧 Audio,21,5079.15
2025-01-21,NA,🖥 Desktop,21,28426.81
2025-01-21,EU,📱 Mobile,22,20093.43
2025-01-21,EU,💻 Laptop,10,13868.09
2025-01-21,EU,🎧 Audio,20,5033.55
2025-01-21,EU,🖥 Desktop,20,25310.94
2025-01-21,APAC,📱 Mobile,19,15871.91
2025-01-21,APAC,💻 Laptop,12,19429.92
2025-01-21,APAC,🎧 Audio,9,1939.19
2025-01-21,APAC,🖥 Desktop,15,19524.41
2025-01-21,LATAM,📱 Mobile,10,8349.21
2025-01-21,LATAM,💻 Laptop,15,21175.53
2025-01-21,LATAM,🎧 Audio,11,2862.44
2025-01-21,LATAM,🖥 Desktop,11,13986.38
2025-01-22,NA,📱 Mobile,23,18534.89
2025-01-22,NA,💻 Laptop,23,35357.92
2025-01-22,NA,🎧 Audio,19,4894.01
2025-01-22,NA,🖥 Desktop,24,24570.39
2025-01-22,EU,📱 Mobile,17,15472.48
2025-01-22,EU,💻 Laptop,23,35996.36
2025-01-22,EU,🎧 Audio,22,5062.37
2025-01-22,EU,🖥 Desktop,15,16634.12
2025-01-22,APAC,📱 Mobile,19,14321.73
2025-01-22,APAC,💻 Laptop,12,15417.65
2025-01-22,APAC,🎧 Audio,8,1952.01
2025-01-22,APAC,🖥 Desktop,14,15576.57
2025-01-22,LATAM,📱 Mobile,7,5141.0
2025-01-22,LATAM,💻 Laptop,5,6451.72
2025-01-22,LATAM,🎧 Audio,8,2109.54
2025-01-22,LATAM,🖥 Desktop,12,13095.7
2025-01-23,NA,📱 Mobile,24,19228.1
2025-01-23,NA,💻 Laptop,13,17775.53
2025-01-23,NA,🎧 Audio,26,7124.01
2025-01-23,NA,🖥 Desktop,21,23164.91
2025-01-23,EU,📱 Mobile,20,15015.68
2025-01-23,EU,💻 Laptop,26,44287.54
2025-01-23,EU,🎧 Audio,15,3438.74
2025-01-23,EU,🖥 Desktop,18,21062.35
2025-01-23,APAC,📱 Mobile,9,6436.19
2025-01-23,APAC,💻 Laptop,6,8712.34
2025-01-23,APAC,🎧 Audio,16,3570.29
2025-01-23,APAC,🖥 Desktop,23,23889.24
2025-01-23,LATAM,📱 Mobile,12,10746.72
2025-01-23,LATAM,💻 Laptop,10,16726.13
2025-01-23,LATAM,🎧 Audio,9,2541.33
2025-01-23,LATAM,🖥 Desktop,1,1138.53
2025-01-24,NA,📱 Mobile,27,23196.08
2025-01-24,NA,💻 Laptop,34,43837.97
2025-01-24,NA,🎧 Audio,19,4570.28
2025-01-24,NA,🖥 Desktop,17,19369.99
2025-01-24,EU,📱 Mobile,19,14195.92
2025-01-24,EU,💻 Laptop,19,27230.04
2025-01-24,EU,🎧 Audio,21,5981.23
2025-01-24,EU,🖥 Desktop,18,19703.97
2025-01-24,APAC,📱 Mobile,10,8772.82
2025-01-24,APAC,💻 Laptop,19,27922.44
2025-01-24,APAC,🎧 Audio,18,4328.16
2025-01-24,APAC,🖥 Desktop,15,20265.33
2025-01-24,LATAM,📱 Mobile,10,8952.78
2025-01-24,LATAM,💻 Laptop,12,15463.52
2025-01-24,LATAM,🎧 Audio,6,1620.0
2025-01-24,LATAM,🖥 Desktop,12,12415.61
2025-01-25,NA,📱 Mobile,17,15313.91
2025-01-25,NA,💻 Laptop,15,20859.86
2025-01-25,NA,🎧 Audio,15,3568.95
2025-01-25,NA,🖥 Desktop,7,7826.23
2025-01-25,EU,📱 Mobile,17,12629.66
2025-01-25,EU,💻 Laptop,12,19169.83
2025-01-25,EU,🎧 Audio,12,2553.39
2025-01-25,EU,🖥 Desktop,15,19380.52
2025-01-25,APAC,📱 Mobile,13,11782.94
2025-01-25,APAC,💻 Laptop,8,10287.32
2025-01-25,APAC,🎧 Audio,10,2842.58
2025-01-25,APAC,🖥 Desktop,13,17724.3
2025-01-25,LATAM,📱 Mobile,6,4699.11
2025-01-25,LATAM,💻 Laptop,7,10479.44
2025-01-25,LATAM,🎧 Audio,8,2181.54
2025-01-25,LATAM,🖥 Desktop,6,7715.13
2025-01-26,NA,📱 Mobile,18,14863.34
2025-01-26,NA,💻 Laptop,9,12802.59
2025-01-26,NA,🎧 Audio,14,3796.36
2025-01-26,NA,🖥 Desktop,19,19920.46
2025-01-26,EU,📱 Mobile,15,11090.31
2025-01-26,EU,💻 Laptop,18,23474.34
2025-01-26,EU,🎧 Audio,17,4027.84
2025-01-26,EU,🖥 Desktop,14,19220.49
2025-01-26,APAC,📱 Mobile,15,11153.61
2025-01-26,APAC,💻 Laptop,5,6564.19
2025-01-26,APAC,🎧 Audio,12,3188.79
2025-01-26,APAC,🖥 Desktop,11,12989.97
2025-01-26,LATAM,📱 Mobile,7,5802.12
2025-01-26,LATAM,💻 Laptop,8,12626.79
2025-01-26,LATAM,🎧 Audio,7,1836.32
2025-01-26,LATAM,🖥 Desktop,3,3190.86
2025-01-27,NA,📱 Mobile,25,20401.31
2025-01-27,NA,💻 Laptop,18,25971.07
2025-01-27,NA,🎧 Audio,22,5083.26
2025-01-27,NA,🖥 Desktop,18,19949.81
2025-01-27,EU,📱 Mobile,24,19650.9
2025-01-27,EU,💻 Laptop,27,38390.01
2025-01-27,EU,🎧 Audio,7,1753.85
2025-01-27,EU,🖥 Desktop,28,30892.32
2025-01-27,APAC,📱 Mobile,16,14685.27
2025-01-27,APAC,💻 Laptop,9,11889.45
2025-01-27,APAC,🎧 Audio,7,1928.79
2025-01-27,APAC,🖥 Desktop,15,20237.63
2025-01-27,LATAM,📱 Mobile,12,8503.34
2025-01-27,LATAM,💻 Laptop,10,13603.08
2025-01-27,LATAM,🎧 Audio,13,3669.42
2025-01-27,LATAM,🖥 Desktop,9,10386.05
2025-01-28,NA,📱 Mobile,26,19302.08
2025-01-28,NA,💻 Laptop,18,29249.99
2025-01-28,NA,🎧 Audio,25,6430.28
2025-01-28,NA,🖥 Desktop,21,26106.81
2025-01-28,EU,📱 Mobile,20,14278.57
2025-01-28,EU,💻 Laptop,23,31436.16
2025-01-28,EU,🎧 Audio,19,4966.09
2025-01-28,EU,🖥 Desktop,25,27330.98
2025-01-28,APAC,📱 Mobile,18,15170.34
2025-01-28,APAC,💻 Laptop,14,19016.41
2025-01-28,APAC,🎧 Audio,13,3537.9
2025-01-28,APAC,🖥 Desktop,17,20694.03
2025-01-28,LATAM,📱 Mobile,11,8523.58
2025-01-28,LATAM,💻 Laptop,10,15225.62
2025-01-28,LATAM,🎧 Audio,9,2022.99
2025-01-28,LATAM,🖥 Desktop,9,11433.12
2025-01-29,NA,📱 Mobile,18,13568.81
2025-01-29,NA,💻 Laptop,25,42598.37
2025-01-29,NA,🎧 Audio,19,4546.48
2025-01-29,NA,🖥 Desktop,29,33927.69
2025-01-29,EU,📱 Mobile,30,23019.23
2025-01-29,EU,💻 Laptop,7,9546.19
2025-01-29,EU,🎧 Audio,18,3832.93
2025-01-29,EU,🖥 Desktop,16,21513.39
2025-01-29,APAC,📱 Mobile,8,6219.94
2025-01-29,APAC,💻 Laptop,17,28428.71
2025-01-29,APAC,🎧 Audio,12,2563.35
2025-01-29,APAC,🖥 Desktop,15,18278.36
2025-01-29,LATAM,📱 Mobile,6,4208.2
2025-01-29,LATAM,💻 Laptop,5,7774.94
2025-01-29,LATAM,🎧 Audio,8,1787.53
2025-01-29,LATAM,🖥 Desktop,12,13463.83
2025-01-30,NA,📱 Mobile,9,6354.99
2025-01-30,NA,💻 Laptop,21,31410.32
2025-01-30,NA,🎧 Audio,27,6137.12
2025-01-30,NA,🖥 Desktop,8,8524.75
2025-01-30,EU,📱 Mobile,31,24671.56
2025-01-30,EU,💻 Laptop,14,18186.26
2025-01-30,EU,🎧 Audio,23,6447.28
2025-01-30,EU,🖥 Desktop,17,21136.5
2025-01-30,APAC,📱 Mobile,15,13028.97
2025-01-30,APAC,💻 Laptop,12,16499.21
2025-01-30,APAC,🎧 Audio,8,2197.51
2025-01-30,APAC,🖥 Desktop,18,19545.62
2025-01-30,LATAM,📱 Mobile,10,8042.94
2025-01-30,LATAM,💻 Laptop,12,17371.31
2025-01-30,LATAM,🎧 Audio,11,2935.53
2025-01-30,LATAM,🖥 Desktop,11,14773.29
2025-01-31,NA,📱 Mobile,30,25853.72
2025-01-31,NA,💻 Laptop,24,31011.79
2025-01-31,NA,🎧 Audio,24,6179.14
2025-01-31,NA,🖥 Desktop,20,24360.37
2025-01-31,EU,📱 Mobile,16,12493.08
2025-01-31,EU,💻 Laptop,16,24594.9
2025-01-31,EU,🎧 Audio,13,3198.12
2025-01-31,EU,🖥 Desktop,22,25911.75
2025-01-31,APAC,📱 Mobile,20,15949.61
2025-01-31,APAC,💻 Laptop,15,20712.94
2025-01-31,APAC,🎧 Audio,15,3703.08
2025-01-31,APAC,🖥 Desktop,8,8677.16
2025-01-31,LATAM,📱 Mobile,9,6397.46
2025-01-31,LATAM,💻 Laptop,10,14687.7
2025-01-31,LATAM,🎧 Audio,12,3009.15
2025-01-31,LATAM,🖥 Desktop,11,11381.44
2025-02-01,NA,📱 Mobile,15,12840.53
2025-02-01,NA,💻 Laptop,14,22749.11
2025-02-01,NA,🎧 Audio,14,3504.12
2025-02-01,NA,🖥 Desktop,16,18496.49
2025-02-01,EU,📱 Mobile,15,13285.45
2025-02-01,EU,💻 Laptop,13,22402.33
2025-02-01,EU,🎧 Audio,13,2951.36
2025-02-01,EU,🖥 Desktop,7,9613.95
2025-02-01,APAC,📱 Mobile,3,2699.55
2025-02-01,APAC,💻 Laptop,10,13493.0
2025-02-01,APAC,🎧 Audio,11,2391.55
2025-02-01,APAC,🖥 Desktop,4,4585.29
2025-02-01,LATAM,📱 Mobile,7,6266.18
2025-02-01,LATAM,💻 Laptop,6,8392.48
2025-02-01,LATAM,🎧 Audio,7,1751.16
2025-02-01,LATAM,🖥 Desktop,6,8107.0
2025-02-02,NA,📱 Mobile,17,13624.51
2025-02-02,NA,💻 Laptop,19,26953.11
2025-02-02,NA,🎧 Audio,18,4042.66
2025-02-02,NA,🖥 Desktop,16,21713.69
2025-02-02,EU,📱 Mobile,10,7204.98
2025-02-02,EU,💻 Laptop,7,11397.34
2025-02-02,EU,🎧 Audio,16,4163.58
2025-02-02,EU,🖥 Desktop,16,18392.33
2025-02-02,APAC,📱 Mobile,12,9830.53
2025-02-02,APAC,💻 Laptop,8,13377.13
2025-02-02,APAC,🎧 Audio,17,4415.46
2025-02-02,APAC,🖥 Desktop,15,17428.98
2025-02-02,LATAM,📱 Mobile,7,6424.04
2025-02-02,LATAM,💻 Laptop,5,7674.06
2025-02-02,LATAM,🎧 Audio,5,1228.36
2025-02-02,LATAM,🖥 Desktop,9,9752.69
2025-02-03,NA,📱 Mobile,23,20165.43
2025-02-03,NA,💻 Laptop,21,29172.02
2025-02-03,NA,🎧 Audio,12,3077.28
2025-02-03,NA,🖥 Desktop,10,12589.31
2025-02-03,EU,📱 Mobile,19,13074.1
2025-02-03,EU,💻 Laptop,20,26844.28
2025-02-03,EU,🎧 Audio,15,3764.26
2025-02-03,EU,🖥 Desktop,16,21478.32
2025-02-03,APAC,📱 Mobile,16,13387.94
2025-02-03,APAC,💻 Laptop,17,21845.51
2025-02-03,APAC,🎧 Audio,18,3968.59
2025-02-03,APAC,🖥 Desktop,15,17228.62
2025-02-03,LATAM,📱 Mobile,11,9035.2
2025-02-03,LATAM,💻 Laptop,13,17769.48
2025-02-03,LATAM,🎧 Audio,8,1780.85
2025-02-03,LATAM,🖥 Desktop,8,10857.38
2025-02-04,NA,📱 Mobile,23,16168.84
2025-02-04,NA,💻 Laptop,26,40617.06
2025-02-04,NA,🎧 Audio,30,7279.39
2025-02-04,NA,🖥 Desktop,16,17842.02
2025-02-04,EU,📱 Mobile,27,22003.91
2025-02-04,EU,💻 Laptop,20,28652.99
2025-02-04,EU,🎧 Audio,16,4524.59
2025-02-04,EU,🖥 Desktop,15,19261.02
2025-02-04,APAC,📱 Mobile,15,10358.41
2025-02-04,APAC,💻 Laptop,23,34826.31
2025-02-04,APAC,🎧 Audio,12,2602.54
2025-02-04,APAC,🖥 Desktop,16,20806.3
2025-02-04,LATAM,📱 Mobile,13,11775.67
2025-02-04,LATAM,💻 Laptop,10,13390.2
2025-02-04,LATAM,🎧 Audio,11,2755.73
2025-02-04,LATAM,🖥 Desktop,13,16262.55
2025-02-05,NA,📱 Mobile,24,18102.04
2025-02-05,NA,💻 Laptop,20,28202.4
2025-02-05,NA,🎧 Audio,35,9492.81
2025-02-05,NA,🖥 Desktop,27,34493.67
2025-02-05,EU,📱 Mobile,29,24906.5
2025-02-05,EU,💻 Laptop,20,29687.39
2025-02-05,EU,🎧 Audio,19,4359.48
2025-02-05,EU,🖥 Desktop,14,14810.62
2025-02-05,APAC,📱 Mobile,15,11407.86
2025-02-05,APAC,💻 Laptop,16,25797.51
2025-02-05,APAC,🎧 Audio,12,3190.52
2025-02-05,APAC,🖥 Desktop,8,8926.04
2025-02-05,LATAM,📱 Mobile,7,6084.6
2025-02-05,LATAM,💻 Laptop,9,13594.14
2025-02-05,LATAM,🎧 Audio,10,2848.86
2025-02-05,LATAM,🖥 Desktop,14,15373.66
2025-02-06,NA,📱 Mobile,24,17819.72
2025-02-06,NA,💻 Laptop,22,30387.48
2025-02-06,NA,🎧 Audio,23,6174.61
2025-02-06,NA,🖥 Desktop,9,10239.06
2025-02-06,EU,📱 Mobile,23,16960.21
2025-02-06,EU,💻 Laptop,16,26934.49
2025-02-06,EU,🎧 Audio,14,3673.5
2025-02-06,EU,🖥 Desktop,14,19214.23
2025-02-06,APAC,📱 Mobile,8,6779.43
2025-02-06,APAC,💻 Laptop,16,26574.16
2025-02-06,APAC,🎧 Audio,9,2297.48
2025-02-06,APAC,🖥 Desktop,17,19223.44
2025-02-06,LATAM,📱 Mobile,11,7685.4
2025-02-06,LATAM,💻 Laptop,14,23587.98
2025-02-06,LATAM,🎧 Audio,11,2425.51
2025-02-06,LATAM,🖥 Desktop,11,14898.64
2025-02-07,NA,📱 Mobile,21,14424.81
2025-02-07,NA,💻 Laptop,26,33637.3
2025-02-07,NA,🎧 Audio,20,5295.51
2025-02-07,NA,🖥 Desktop,15,19278.64
2025-02-07,EU,📱 Mobile,26,19947.65
2025-02-07,EU,💻 Laptop,22,36143.86
2025-02-07,EU,🎧 Audio,24,5218.71
2025-02-07,EU,🖥 Desktop,10,13324.05
2025-02-07,APAC,📱 Mobile,23,16231.28
2025-02-07,APAC,💻 Laptop,10,13675.76
2025-02-07,APAC,🎧 Audio,16,4417.26
2025-02-07,APAC,🖥 Desktop,16,20997.23
2025-02-07,LATAM,📱 Mobile,7,5820.98
2025-02-07,LATAM,💻 Laptop,6,8425.89
2025-02-07,LATAM,🎧 Audio,11,2962.33
2025-02-07,LATAM,🖥 Desktop,11,12031.77
2025-02-08,NA,📱 Mobile,14,9590.29
2025-02-08,NA,💻 Laptop,20,27810.32
2025-02-08,NA,🎧 Audio,15,3601.53
2025-02-08,NA,🖥 Desktop,23,26116.46
2025-02-08,EU,📱 Mobile,18,15917.95
2025-02-08,EU,💻 Laptop,13,20191.91
2025-02-08,EU,🎧 Audio,17,4168.97
2025-02-08,EU,🖥 Desktop,14,18176.05
2025-02-08,APAC,📱 Mobile,8,6472.73
2025-02-08,APAC,💻 Laptop,14,19214.42
2025-02-08,APAC,🎧 Audio,11,3013.84
2025-02-08,APAC,🖥 Desktop,9,9732.0
2025-02-08,LATAM,📱 Mobile,8,6903.39
2025-02-08,LATAM,💻 Laptop,7,12005.28
2025-02-08,LATAM,🎧 Audio,9,2244.25
2025-02-08,LATAM,🖥 Desktop,7,9147.87
2025-02-09,NA,📱 Mobile,18,13739.84
2025-02-09,NA,💻 Laptop,21,34635.85
2025-02-09,NA,🎧 Audio,16,3740.48
2025-02-09,NA,🖥 Desktop,26,28529.73
2025-02-09,EU,📱 Mobile,12,8476.58
2025-02-09,EU,💻 Laptop,10,15614.39
2025-02-09,EU,🎧 Audio,19,5030.95
2025-02-09,EU,🖥 Desktop,17,22156.03
2025-02-09,APAC,📱 Mobile,9,6986.74
2025-02-09,APAC,💻 Laptop,9,13073.13
2025-02-09,APAC,🎧 Audio,11,3070.47
2025-02-09,APAC,🖥 Desktop,10,10290.63
2025-02-09,LATAM,📱 Mobile,7,6274.04
2025-02-09,LATAM,💻 Laptop,8,12004.28
2025-02-09,LATAM,🎧 Audio,4,920.07
2025-02-09,LATAM,🖥 Desktop,10,11859.27
2025-02-10,NA,📱 Mobile,14,12050.04
2025-02-10,NA,💻 Laptop,22,34448.37
2025-02-10,NA,🎧 Audio,20,4482.99
2025-02-10,NA,🖥 Desktop,28,37058.51
2025-02-10,EU,📱 Mobile,15,10810.38
2025-02-10,EU,💻 Laptop,13,19141.97
2025-02-10,EU,🎧 Audio,21,4661.04
2025-02-10,EU,🖥 Desktop,13,15422.24
2025-02-10,APAC,📱 Mobile,17,12341.62
2025-02-10,APAC,💻 Laptop,13,18338.82
2025-02-10,APAC,🎧 Audio,13,2913.23
2025-02-10,APAC,🖥 Desktop,8,8609.24
2025-02-10,LATAM,📱 Mobile,10,8053.23
2025-02-10,LATAM,💻 Laptop,13,17516.41
2025-02-10,LATAM,🎧 Audio,9,2570.73
2025-02-10,LATAM,🖥 Desktop,12,15388.12
2025-02-11,NA,📱 Mobile,36,25358.15
2025-02-11,NA,💻 Laptop,33,47780.86
2025-02-11,NA,🎧 Audio,34,9094.9
2025-02-11,NA,🖥 Desktop,23,27061.16
2025-02-11,EU,📱 Mobile,22,15524.27
2025-02-11,EU,💻 Laptop,27,36933.29
2025-02-11,EU,🎧 Audio,19,4606.11
2025-02-11,EU,🖥 Desktop,21,27399.99
2025-02-11,APAC,📱 Mobile,14,11644.79
2025-02-11,APAC,💻 Laptop,11,16318.23
2025-02-11,APAC,🎧 Audio,19,4614.22
2025-02-11,APAC,🖥 Desktop,19,24448.07
2025-02-11,LATAM,📱 Mobile,13,10630.81
2025-02-11,LATAM,💻 Laptop,9,14508.86
2025-02-11,LATAM,🎧 Audio,9,2400.0
2025-02-11,LATAM,🖥 Desktop,11,14705.11
2025-02-12,NA,📱 Mobile,25,22114.66
2025-02-12,NA,💻 Laptop,14,22131.46
2025-02-12,NA,🎧 Audio,20,4719.52
2025-02-12,NA,🖥 Desktop,19,23677.41
2025-02-12,EU,📱 Mobile,24,20826.5
2025-02-12,EU,💻 Laptop,23,36706.11
2025-02-12,EU,🎧 Audio,17,4152.56
2025-02-12,EU,🖥 Desktop,17,20125.79
2025-02-12,APAC,📱 Mobile,12,10104.71
2025-02-12,APAC,💻 Laptop,12,20323.07
2025-02-12,APAC,🎧 Audio,18,4875.54
2025-02-12,APAC,🖥 Desktop,20,23198.7
2025-02-12,LATAM,📱 Mobile,3,2067.46
2025-02-12,LATAM,💻 Laptop,11,16714.63
2025-02-12,LATAM,🎧 Audio,13,3679.57
2025-02-12,LATAM,🖥 Desktop,14,16896.87
2025-02-13,NA,📱 Mobile,30,24295.45
2025-02-13,NA,💻 Laptop,29,46335.71
2025-02-13,NA,🎧 Audio,15,4120.11
2025-02-13,NA,🖥 Desktop,23,27779.58
2025-02-13,EU,📱 Mobile,10,7304.21
2025-02-13,EU,💻 Laptop,27,42739.98
2025-02-13,EU,🎧 Audio,13,2881.83
2025-02-13,EU,🖥 Desktop,26,35734.62
2025-02-13,APAC,📱 Mobile,14,10441.84
2025-02-13,APAC,💻 Laptop,16,23277.73
2025-02-13,APAC,🎧 Audio,19,4636.78
2025-02-13,APAC,🖥 Desktop,16,20341.94
2025-02-13,LATAM,📱 Mobile,9,6604.76
2025-02-13,LATAM,💻 Laptop,12,19303.94
2025-02-13,LATAM,🎧 Audio,14,3204.86
2025-02-13,LATAM,🖥 Desktop,9,11776.82
2025-02-14,NA,📱 Mobile,21,14931.67
2025-02-14,NA,💻 Laptop,27,43860.78
2025-02-14,NA,🎧 Audio,27,6687.55
2025-02-14,NA,🖥 Desktop,16,19557.43
2025-02-14,EU,📱 Mobile,22,16824.54
2025-02-14,EU,💻 Laptop,33,51561.13
2025-02-14,EU,🎧 Audio,24,5942.58
2025-02-14,EU,🖥 Desktop,12,13511.56
2025-02-14,APAC,📱 Mobile,13,11441.28
2025-02-14,APAC,💻 Laptop,15,21519.54
2025-02-14,APAC,🎧 Audio,17,4092.09
2025-02-14,APAC,🖥 Desktop,13,14446.61
2025-02-14,LATAM,📱 Mobile,9,6125.82
2025-02-14,LATAM,💻 Laptop,11,17597.86
2025-02-14,LATAM,🎧 Audio,10,2351.37
2025-02-14,LATAM,🖥 Desktop,12,14311.66
2025-02-15,NA,📱 Mobile,11,9220.46
2025-02-15,NA,💻 Laptop,19,27323.79
2025-02-15,NA,🎧 Audio,24,5202.71
2025-02-15,NA,🖥 Desktop,13,17134.57
2025-02-15,EU,📱 Mobile,19,13560.23
2025-02-15,EU,💻 Laptop,11,18140.07
2025-02-15,EU,🎧 Audio,14,2987.05
2025-02-15,EU,🖥 Desktop,14,19076.91
2025-02-15,APAC,📱 Mobile,9,6339.27
2025-02-15,APAC,💻 Laptop,9,12053.07
2025-02-15,APAC,🎧 Audio,11,2623.32
2025-02-15,APAC,🖥 Desktop,15,16124.43
2025-02-15,LATAM,📱 Mobile,10,7202.99
2025-02-15,LATAM,💻 Laptop,5,8380.05
2025-02-15,LATAM,🎧 Audio,5,1313.17
2025-02-15,LATAM,🖥 Desktop,5,6709.04
2025-02-16,NA,📱 Mobile,19,13820.01
2025-02-16,NA,💻 Laptop,9,14280.81
2025-02-16,NA,🎧 Audio,10,2453.94
2025-02-16,NA,🖥 Desktop,15,20066.49
2025-02-16,EU,📱 Mobile,11,8098.22
2025-02-16,EU,💻 Laptop,13,17390.13
2025-02-16,EU,🎧 Audio,13,3217.92
2025-02-16,EU,🖥 Desktop,14,15007.88
2025-02-16,APAC,📱 Mobile,7,5666.43
2025-02-16,APAC,💻 Laptop,11,18296.24
2025-02-16,APAC,🎧 Audio,16,3961.55
2025-02-16,APAC,🖥 Desktop,11,13447.77
2025-02-16,LATAM,📱 Mobile,5,3849.95
2025-02-16,LATAM,💻 Laptop,4,5853.87
2025-02-16,LATAM,🎧 Audio,8,2082.22
2025-02-16,LATAM,🖥 Desktop,7,8743.04
2025-02-17,NA,📱 Mobile,33,27846.1
2025-02-17,NA,💻 Laptop,26,44048.47
2025-02-17,NA,🎧 Audio,16,4012.75
2025-02-17,NA,🖥 Desktop,39,46584.84
2025-02-17,EU,📱 Mobile,22,18752.01
2025-02-17,EU,💻 Laptop,20,31127.5
2025-02-17,EU,🎧 Audio,15,3599.43
2025-02-17,EU,🖥 Desktop,29,34534.13
2025-02-17,APAC,📱 Mobile,9,6575.17
2025-02-17,APAC,💻 Laptop,14,20591.69
2025-02-17,APAC,🎧 Audio,11,3019.55
2025-02-17,APAC,🖥 Desktop,18,20257.88
2025-02-17,LATAM,📱 Mobile,12,9610.8
2025-02-17,LATAM,💻 Laptop,8,11178.11
2025-02-17,LATAM,🎧 Audio,3,784.78
2025-02-17,LATAM,🖥 Desktop,10,13051.02
2025-02-18,NA,📱 Mobile,22,16539.88
2025-02-18,NA,💻 Laptop,29,44628.19
2025-02-18,NA,🎧 Audio,17,3663.57
2025-02-18,NA,🖥 Desktop,16,20482.62
2025-02-18,EU,📱 Mobile,26,17990.13
2025-02-18,EU,💻 Laptop,16,22562.93
2025-02-18,EU,🎧 Audio,24,6758.58
2025-02-18,EU,🖥 Desktop,21,26021.66
2025-02-18,APAC,📱 Mobile,12,10780.29
2025-02-18,APAC,💻 Laptop,10,15502.83
2025-02-18,APAC,🎧 Audio,11,2912.03
2025-02-18,APAC,🖥 Desktop,12,14816.05
2025-02-18,LATAM,📱 Mobile,10,8400.81
2025-02-18,LATAM,💻 Laptop,9,13329.41
2025-02-18,LATAM,🎧 Audio,11,2487.07
2025-02-18,LATAM,🖥 Desktop,9,9299.81
2025-02-19,NA,📱 Mobile,27,22609.05
2025-02-19,NA,💻 Laptop,11,15850.9
2025-02-19,NA,🎧 Audio,29,7385.07
2025-02-19,NA,🖥 Desktop,15,16693.21
2025-02-19,EU,📱 Mobile,19,14372.26
2025-02-19,EU,💻 Laptop,26,38188.9
2025-02-19,EU,🎧 Audio,13,2815.75
2025-02-19,EU,🖥 Desktop,11,13467.33
2025-02-19,APAC,📱 Mobile,18,15740.63
2025-02-19,APAC,💻 Laptop,16,24542.31
2025-02-19,APAC,🎧 Audio,20,4271.2
2025-02-19,APAC,🖥 Desktop,14,16231.2
2025-02-19,LATAM,📱 Mobile,5,4576.94
2025-02-19,LATAM,💻 Laptop,7,10422.66
2025-02-19,LATAM,🎧 Audio,10,2608.38
2025-02-19,LATAM,🖥 Desktop,11,12060.62
2025-02-20,NA,📱 Mobile,25,17028.7
2025-02-20,NA,💻 Laptop,25,39567.31
2025-02-20,NA,🎧 Audio,36,7887.98
2025-02-20,NA,🖥 Desktop,36,47989.36
2025-02-20,EU,📱 Mobile,21,17905.53
2025-02-20,EU,💻 Laptop,21,29064.46
2025-02-20,EU,🎧 Audio,20,4325.21
2025-02-20,EU,🖥 Desktop,17,22077.02
2025-02-20,APAC,📱 Mobile,14,11971.87
2025-02-20,APAC,💻 Laptop,8,10503.44
2025-02-20,APAC,🎧 Audio,11,2717.48
2025-02-20,APAC,🖥 Desktop,11,14912.09
2025-02-20,LATAM,📱 Mobile,11,9373.43
2025-02-20,LATAM,💻 Laptop,18,23042.35
2025-02-20,LATAM,🎧 Audio,15,4107.01
2025-02-20,LATAM,🖥 Desktop,11,11535.54
2025-02-21,NA,📱 Mobile,21,15116.63
2025-02-21,NA,💻 Laptop,34,56522.8
2025-02-21,NA,🎧 Audio,22,5281.48
2025-02-21,NA,🖥 Desktop,25,30674.67
2025-02-21,EU,📱 Mobile,13,9292.11
2025-02-21,EU,💻 Laptop,24,39211.5
2025-02-21,EU,🎧 Audio,16,4155.65
2025-02-21,EU,🖥 Desktop,27,31602.62
2025-02-21,APAC,📱 Mobile,10,9067.81
2025-02-21,APAC,💻 Laptop,21,34189.7
2025-02-21,APAC,🎧 Audio,13,2821.62
2025-02-21,APAC,🖥 Desktop,14,19188.71
2025-02-21,LATAM,📱 Mobile,9,6837.21
2025-02-21,LATAM,💻 Laptop,6,9285.72
2025-02-21,LATAM,🎧 Audio,16,4121.36
2025-02-21,LATAM,🖥 Desktop,10,11310.95
2025-02-22,NA,📱 Mobile,9,6933.62
2025-02-22,NA,💻 Laptop,21,33246.57
2025-02-22,NA,🎧 Audio,10,2730.61
2025-02-22,NA,🖥 Desktop,12,13463.9
2025-02-22,EU,📱 Mobile,17,13283.8
2025-02-22,EU,💻 Laptop,15,23084.84
2025-02-22,EU,🎧 Audio,18,3882.1
2025-02-22,EU,🖥 Desktop,7,9239.74
2025-02-22,APAC,📱 Mobile,13,10624.35
2025-02-22,APAC,💻 Laptop,6,8389.39
2025-02-22,APAC,🎧 Audio,14,3693.87
2025-02-22,APAC,🖥 Desktop,7,9442.65
2025-02-22,LATAM,📱 Mobile,7,5690.17
2025-02-22,LATAM,💻 Laptop,8,13070.6
2025-02-22,LATAM,🎧 Audio,8,2259.03
2025-02-22,LATAM,🖥 Desktop,11,12146.77
2025-02-23,NA,📱 Mobile,12,9500.13
2025-02-23,NA,💻 Laptop,13,17783.53
2025-02-23,NA,🎧 Audio,17,4621.87
2025-02-23,NA,🖥 Desktop,25,29637.46
2025-02-23,EU,📱 Mobile,20,17306.4
2025-02-23,EU,💻 Laptop,18,24836.22
2025-02-23,EU,🎧 Audio,8,2231.06
2025-02-23,EU,🖥 Desktop,11,13286.56
2025-02-23,APAC,📱 Mobile,7,5077.77
2025-02-23,APAC,💻 Laptop,12,16338.5
2025-02-23,APAC,🎧 Audio,13,3116.26
2025-02-23,APAC,🖥 Desktop,15,18347.93
2025-02-23,LATAM,📱 Mobile,6,4294.57
2025-02-23,LATAM,💻 Laptop,9,11655.61
2025-02-23,LATAM,🎧 Audio,9,1984.13
2025-02-23,LATAM,🖥 Desktop,7,8734.51
2025-02-24,NA,📱 Mobile,26,21406.61
2025-02-24,NA,💻 Laptop,21,30034.51
2025-02-24,NA,🎧 Audio,24,5160.44
2025-02-24,NA,🖥 Desktop,25,34413.64
2025-02-24,EU,📱 Mobile,25,20403.1
2025-02-24,EU,💻 Laptop,16,22283.5
2025-02-24,EU,🎧 Audio,22,6236.72
2025-02-24,EU,🖥 Desktop,15,19443.14
2025-02-24,APAC,📱 Mobile,20,14819.18
2025-02-24,APAC,💻 Laptop,6,7752.25
2025-02-24,APAC,🎧 Audio,17,3719.16
2025-02-24,APAC,🖥 Desktop,18,18690.46
2025-02-24,LATAM,📱 Mobile,6,4739.92
2025-02-24,LATAM,💻 Laptop,9,15311.18
2025-02-24,LATAM,🎧 Audio,12,3088.26
2025-02-24,LATAM,🖥 Desktop,10,11630.63
2025-02-25,NA,📱 Mobile,37,27443.88
2025-02-25,NA,💻 Laptop,36,55044.51
2025-02-25,NA,🎧 Audio,15,3940.94
2025-02-25,NA,🖥 Desktop,13,15099.79
2025-02-25,EU,📱 Mobile,18,16412.12
2025-02-25,EU,💻 Laptop,22,37867.99
2025-02-25,EU,🎧 Audio,21,4865.48
2025-02-25,EU,🖥 Desktop,23,26374.65
2025-02-25,APAC,📱 Mobile,23,20261.44
2025-02-25,APAC,💻 Laptop,11,14257.86
2025-02-25,APAC,🎧 Audio,18,4698.03
2025-02-25,APAC,🖥 Desktop,10,13747.53
2025-02-25,LATAM,📱 Mobile,12,10334.26
2025-02-25,LATAM,💻 Laptop,12,20372.66
2025-02-25,LATAM,🎧 Audio,10,2568.6
2025-02-25,LATAM,🖥 Desktop,9,11635.59
2025-02-26,NA,📱 Mobile,30,22250.48
2025-02-26,NA,💻 Laptop,29,38595.07
2025-02-26,NA,🎧 Audio,21,4838.07
2025-02-26,NA,🖥 Desktop,26,27859.88
2025-02-26,EU,📱 Mobile,21,17894.82
2025-02-26,EU,💻 Laptop,20,27255.93
2025-02-26,EU,🎧 Audio,33,7558.37
2025-02-26,EU,🖥 Desktop,24,32549.56
2025-02-26,APAC,📱 Mobile,22,15697.95
2025-02-26,APAC,💻 Laptop,10,14762.6
2025-02-26,APAC,🎧 Audio,24,6616.05
2025-02-26,APAC,🖥 Desktop,22,27416.7
2025-02-26,LATAM,📱 Mobile,9,7897.81
2025-02-26,LATAM,💻 Laptop,12,17878.71
2025-02-26,LATAM,🎧 Audio,10,2291.24
2025-02-26,LATAM,🖥 Desktop,10,10404.22
2025-02-27,NA,📱 Mobile,23,16438.8
2025-02-27,NA,💻 Laptop,17,28336.03
2025-02-27,NA,🎧 Audio,25,5604.41
2025-02-27,NA,🖥 Desktop,32,35763.15
2025-02-27,EU,📱 Mobile,24,17286.52
2025-02-27,EU,💻 Laptop,17,25431.2
2025-02-27,EU,🎧 Audio,16,3537.0
2025-02-27,EU,🖥 Desktop,32,43913.72
2025-02-27,APAC,📱 Mobile,25,21009.68
2025-02-27,APAC,💻 Laptop,19,26030.41
2025-02-27,APAC,🎧 Audio,13,3013.85
2025-02-27,APAC,🖥 Desktop,17,18573.93
2025-02-27,LATAM,📱 Mobile,5,4597.7
2025-02-27,LATAM,💻 Laptop,18,30443.15
2025-02-27,LATAM,🎧 Audio,13,3636.29
2025-02-27,LATAM,🖥 Desktop,12,12488.32
2025-02-28,NA,📱 Mobile,25,22871.79
2025-02-28,NA,💻 Laptop,20,25644.26
2025-02-28,NA,🎧 Audio,27,6021.29
2025-02-28,NA,🖥 Desktop,20,20413.85
2025-02-28,EU,📱 Mobile,25,18114.92
2025-02-28,EU,💻 Laptop,16,23533.8
2025-02-28,EU,🎧 Audio,25,6383.76
2025-02-28,EU,🖥 Desktop,19,20324.43
2025-02-28,APAC,📱 Mobile,19,16164.98
2025-02-28,APAC,💻 Laptop,23,31360.96
2025-02-28,APAC,🎧 Audio,18,4646.55
2025-02-28,APAC,🖥 Desktop,17,20372.34
2025-02-28,LATAM,📱 Mobile,11,9096.82
2025-02-28,LATAM,💻 Laptop,13,20715.38
2025-02-28,LATAM,🎧 Audio,13,2959.73
2025-02-28,LATAM,🖥 Desktop,8,8349.2
2025-03-01,NA,📱 Mobile,17,14504.36
2025-03-01,NA,💻 Laptop,13,16898.93
2025-03-01,NA,🎧 Audio,19,5237.22
2025-03-01,NA,🖥 Desktop,14,18637.11
2025-03-01,EU,📱 Mobile,14,12578.33
2025-03-01,EU,💻 Laptop,15,22342.15
2025-03-01,EU,🎧 Audio,17,3849.72
2025-03-01,EU,🖥 Desktop,13,17151.99
2025-03-01,APAC,📱 Mobile,10,7690.8
2025-03-01,APAC,💻 Laptop,13,20055.14
2025-03-01,APAC,🎧 Audio,15,3688.99
2025-03-01,APAC,🖥 Desktop,11,13261.88
2025-03-01,LATAM,📱 Mobile,10,8759.69
2025-03-01,LATAM,💻 Laptop,10,16644.62
2025-03-01,LATAM,🎧 Audio,6,1446.63
2025-03-01,LATAM,🖥 Desktop,11,14195.21
2025-03-02,NA,📱 Mobile,26,23633.28
2025-03-02,NA,💻 Laptop,21,31450.89
2025-03-02,NA,🎧 Audio,12,3033.6
2025-03-02,NA,🖥 Desktop,17,17466.61
2025-03-02,EU,📱 Mobile,18,13027.94
2025-03-02,EU,💻 Laptop,14,18496.86
2025-03-02,EU,🎧 Audio,15,3221.33
2025-03-02,EU,🖥 Desktop,22,23204.05
2025-03-02,APAC,📱 Mobile,11,7526.69
2025-03-02,APAC,💻 Laptop,9,13902.56
2025-03-02,APAC,🎧 Audio,8,2121.59
2025-03-02,APAC,🖥 Desktop,10,10570.31
2025-03-02,LATAM,📱 Mobile,10,6908.41
2025-03-02,LATAM,💻 Laptop,5,6651.86
2025-03-02,LATAM,🎧 Audio,5,1167.36
2025-03-02,LATAM,🖥 Desktop,8,8511.47
2025-03-03,NA,📱 Mobile,23,18906.8
2025-03-03,NA,💻 Laptop,28,46549.74
2025-03-03,NA,🎧 Audio,31,8323.3
2025-03-03,NA,🖥 Desktop,32,34533.0
2025-03-03,EU,📱 Mobile,28,21652.36
2025-03-03,EU,💻 Laptop,10,14642.18
2025-03-03,EU,🎧 Audio,25,6054.31
2025-03-03,EU,🖥 Desktop,16,21741.84
2025-03-03,APAC,📱 Mobile,17,12540.74
2025-03-03,APAC,💻 Laptop,13,18535.23
2025-03-03,APAC,🎧 Audio,5,1364.14
2025-03-03,APAC,🖥 Desktop,21,28320.55
2025-03-03,LATAM,📱 Mobile,14,9699.94
2025-03-03,LATAM,💻 Laptop,6,9046.91
2025-03-03,LATAM,🎧 Audio,18,4161.53
2025-03-03,LATAM,🖥 Desktop,9,10547.72
2025-03-04,NA,📱 Mobile,22,17762.62
2025-03-04,NA,💻 Laptop,21,27429.55
2025-03-04,NA,🎧 Audio,19,4067.18
2025-03-04,NA,🖥 Desktop,29,31035.41
2025-03-04,EU,📱 Mobile,31,28050.79
2025-03-04,EU,💻 Laptop,20,31198.9
2025-03-04,EU,🎧 Audio,26,7250.05
2025-03-04,EU,🖥 Desktop,11,11356.12
2025-03-04,APAC,📱 Mobile,14,11799.55
2025-03-04,APAC,💻 Laptop,14,19572.63
2025-03-04,APAC,🎧 Audio,7,1813.66
2025-03-04,APAC,🖥 Desktop,14,15542.93
2025-03-04,LATAM,📱 Mobile,8,7265.66
2025-03-04,LATAM,💻 Laptop,11,15448.24
2025-03-04,LATAM,🎧 Audio,10,2215.29
2025-03-04,LATAM,🖥 Desktop,15,18509.16
2025-03-05,NA,📱 Mobile,33,24565.82
2025-03-05,NA,💻 Laptop,24,35637.31
2025-03-05,NA,🎧 Audio,22,4879.47
2025-03-05,NA,🖥 Desktop,25,26682.32
2025-03-05,EU,📱 Mobile,20,14983.87
2025-03-05,EU,💻 Laptop,27,37382.32
2025-03-05,EU,🎧 Audio,28,7713.47
2025-03-05,EU,🖥 Desktop,26,32229.16
2025-03-05,APAC,📱 Mobile,11,8011.15
2025-03-05,APAC,💻 Laptop,14,22325.27
2025-03-05,APAC,🎧 Audio,11,2843.06
2025-03-05,APAC,🖥 Desktop,18,21398.9
2025-03-05,LATAM,📱 Mobile,11,8064.97
2025-03-05,LATAM,💻 Laptop,13,19572.83
2025-03-05,LATAM,🎧 Audio,8,1707.13
2025-03-05,LATAM,🖥 Desktop,14,16057.37
2025-03-06,NA,📱 Mobile,29,23594.31
2025-03-06,NA,💻 Laptop,22,32914.93
2025-03-06,NA,🎧 Audio,22,5162.58
2025-03-06,NA,🖥 Desktop,45,58408.48
2025-03-06,EU,📱 Mobile,23,20449.43
2025-03-06,EU,💻 Laptop,24,35351.85
2025-03-06,EU,🎧 Audio,27,6628.29
2025-03-06,EU,🖥 Desktop,24,30833.97
2025-03-06,APAC,📱 Mobile,19,17294.43
2025-03-06,APAC,💻 Laptop,19,30540.35
2025-03-06,APAC,🎧 Audio,19,4539.75
2025-03-06,APAC,🖥 Desktop,20,25262.48
2025-03-06,LATAM,📱 Mobile,7,6139.61
2025-03-06,LATAM,💻 Laptop,8,12063.97
2025-03-06,LATAM,🎧 Audio,11,2964.25
2025-03-06,LATAM,🖥 Desktop,6,7146.51
2025-03-07,NA,📱 Mobile,28,25186.82
2025-03-07,NA,💻 Laptop,16,21316.36
2025-03-07,NA,🎧 Audio,26,7018.07
2025-03-07,NA,🖥 Desktop,26,32003.41
2025-03-07,EU,📱 Mobile,8,6538.16
2025-03-07,EU,💻 Laptop,22,32187.31
2025-03-07,EU,🎧 Audio,24,6193.2
2025-03-07,EU,🖥 Desktop,11,12723.07
2025-03-07,APAC,📱 Mobile,12,10242.42
2025-03-07,APAC,💻 Laptop,18,25322.64
2025-03-07,APAC,🎧 Audio,12,2896.05
2025-03-07,APAC,🖥 Desktop,20,22718.36
2025-03-07,LATAM,📱 Mobile,13,10398.6
2025-03-07,LATAM,💻 Laptop,6,8848.88
2025-03-07,LATAM,🎧 Audio,12,2680.49
2025-03-07,LATAM,🖥 Desktop,14,17180.18
2025-03-08,NA,📱 Mobile,16,14413.42
2025-03-08,NA,💻 Laptop,17,24152.58
2025-03-08,NA,🎧 Audio,23,6541.37
2025-03-08,NA,🖥 Desktop,11,12029.07
2025-03-08,EU,📱 Mobile,8,5460.53
2025-03-08,EU,💻 Laptop,19,24630.63
2025-03-08,EU,🎧 Audio,11,3096.76
2025-03-08,EU,🖥 Desktop,13,16879.89
2025-03-08,APAC,📱 Mobile,1,804.19
2025-03-08,APAC,💻 Laptop,9,13569.93
2025-03-08,APAC,🎧 Audio,10,2393.28
2025-03-08,APAC,🖥 Desktop,9,11106.89
2025-03-08,LATAM,📱 Mobile,5,4211.77
2025-03-08,LATAM,💻 Laptop,12,18136.34
2025-03-08,LATAM,🎧 Audio,10,2425.67
2025-03-08,LATAM,🖥 Desktop,9,10998.74
2025-03-09,NA,📱 Mobile,10,9114.73
2025-03-09,NA,💻 Laptop,14,20916.29
2025-03-09,NA,🎧 Audio,12,3446.51
2025-03-09,NA,🖥 Desktop,21,24015.19
2025-03-09,EU,📱 Mobile,8,5767.79
2025-03-09,EU,💻 Laptop,14,19853.89
2025-03-09,EU,🎧 Audio,23,5771.72
2025-03-09,EU,🖥 Desktop,14,14836.98
2025-03-09,APAC,📱 Mobile,15,13154.0
2025-03-09,APAC,💻 Laptop,9,15485.51
2025-03-09,APAC,🎧 Audio,14,3139.22
2025-03-09,APAC,🖥 Desktop,10,11243.73
2025-03-09,LATAM,📱 Mobile,5,3625.73
2025-03-09,LATAM,💻 Laptop,8,10856.68
2025-03-09,LATAM,🎧 Audio,6,1433.93
2025-03-09,LATAM,🖥 Desktop,6,8266.5
2025-03-10,NA,📱 Mobile,25,19468.51
2025-03-10,NA,💻 Laptop,25,40735.9
2025-03-10,NA,🎧 Audio,23,4894.25
2025-03-10,NA,🖥 Desktop,36,40665.76
2025-03-10,EU,📱 Mobile,26,21848.98
2025-03-10,EU,💻 Laptop,16,21815.88
2025-03-10,EU,🎧 Audio,15,3486.77
2025-03-10,EU,🖥 Desktop,22,27562.75
2025-03-10,APAC,📱 Mobile,2,1635.74
2025-03-10,APAC,💻 Laptop,14,20439.93
2025-03-10,APAC,🎧 Audio,19,5119.78
2025-03-10,APAC,🖥 Desktop,19,20109.46
2025-03-10,LATAM,📱 Mobile,13,10470.18
2025-03-10,LATAM,💻 Laptop,13,21390.37
2025-03-10,LATAM,🎧 Audio,7,1520.11
2025-03-10,LATAM,🖥 Desktop,8,8195.97
2025-03-11,NA,📱 Mobile,27,22996.17
2025-03-11,NA,💻 Laptop,21,30118.83
2025-03-11,NA,🎧 Audio,29,6378.82
2025-03-11,NA,🖥 Desktop,31,41707.02
2025-03-11,EU,📱 Mobile,18,14183.3
2025-03-11,EU,💻 Laptop,20,28970.91
2025-03-11,EU,🎧 Audio,34,8710.79
2025-03-11,EU,🖥 Desktop,26,35501.98
2025-03-11,APAC,📱 Mobile,11,8138.23
2025-03-11,APAC,💻 Laptop,19,24601.02
2025-03-11,APAC,🎧 Audio,25,5902.74
2025-03-11,APAC,🖥 Desktop,13,17466.7
2025-03-11,LATAM,📱 Mobile,13,10719.96
2025-03-11,LATAM,💻 Laptop,9,15363.12
2025-03-11,LATAM,🎧 Audio,4,922.88
2025-03-11,LATAM,🖥 Desktop,12,13923.92
2025-03-12,NA,📱 Mobile,26,19609.15
2025-03-12,NA,💻 Laptop,22,36715.55
2025-03-12,NA,🎧 Audio,15,3461.31
2025-03-12,NA,🖥 Desktop,28,30308.55
2025-03-12,EU,📱 Mobile,20,18263.43
2025-03-12,EU,💻 Laptop,25,35145.38
2025-03-12,EU,🎧 Audio,20,5050.63
2025-03-12,EU,🖥 Desktop,21,24335.12
2025-03-12,APAC,📱 Mobile,16,11353.43
2025-03-12,APAC,💻 Laptop,18,29639.18
2025-03-12,APAC,🎧 Audio,15,3402.59
2025-03-12,APAC,🖥 Desktop,20,22441.83
2025-03-12,LATAM,📱 Mobile,12,10073.11
2025-03-12,LATAM,💻 Laptop,12,17143.67
2025-03-12,LATAM,🎧 Audio,14,3072.26
2025-03-12,LATAM,🖥 Desktop,16,17873.29
2025-03-13,NA,📱 Mobile,28,22019.03
2025-03-13,NA,💻 Laptop,24,39632.2
2025-03-13,NA,🎧 Audio,28,6691.13
2025-03-13,NA,🖥 Desktop,23,29442.02
2025-03-13,EU,📱 Mobile,12,8759.21
2025-03-13,EU,💻 Laptop,33,56196.44
2025-03-13,EU,🎧 Audio,18,4436.13
2025-03-13,EU,🖥 Desktop,22,23477.08
2025-03-13,APAC,📱 Mobile,16,14334.53
2025-03-13,APAC,💻 Laptop,14,21551.65
2025-03-13,APAC,🎧 Audio,15,3871.73
2025-03-13,APAC,🖥 Desktop,20,21930.3
2025-03-13,LATAM,📱 Mobile,13,10440.65
2025-03-13,LATAM,💻 Laptop,11,16710.83
2025-03-13,LATAM,🎧 Audio,11,2654.97
2025-03-13,LATAM,🖥 Desktop,17,21364.03
2025-03-14,NA,📱 Mobile,21,16245.27
2025-03-14,NA,💻 Laptop,24,31529.2
2025-03-14,NA,🎧 Audio,33,7807.07
2025-03-14,NA,🖥 Desktop,39,49084.99
2025-03-14,EU,📱 Mobile,28,21469.16
2025-03-14,EU,💻 Laptop,27,40504.44
2025-03-14,EU,🎧 Audio,22,5188.6
2025-03-14,EU,🖥 Desktop,25,27537.82
2025-03-14,APAC,📱 Mobile,22,16450.88
2025-03-14,APAC,💻 Laptop,22,32043.44
2025-03-14,APAC,🎧 Audio,24,6688.96
2025-03-14,APAC,🖥 Desktop,13,17290.79
2025-03-14,LATAM,📱 Mobile,13,8932.27
2025-03-14,LATAM,💻 Laptop,14,22131.64
2025-03-14,LATAM,🎧 Audio,10,2434.43
2025-03-14,LATAM,🖥 Desktop,9,11315.37
2025-03-15,NA,📱 Mobile,17,15014.59
2025-03-15,NA,💻 Laptop,15,21501.77
2025-03-15,NA,🎧 Audio,17,3759.42
2025-03-15,NA,🖥 Desktop,16,21577.07
2025-03-15,EU,📱 Mobile,15,10345.63
2025-03-15,EU,💻 Laptop,9,11636.99
2025-03-15,EU,🎧 Audio,17,3998.92
2025-03-15,EU,🖥 Desktop,18,20827.21
2025-03-15,APAC,📱 Mobile,15,12497.93
2025-03-15,APAC,💻 Laptop,13,17626.08
2025-03-15,APAC,🎧 Audio,14,3727.47
2025-03-15,APAC,🖥 Desktop,9,10005.26
2025-03-15,LATAM,📱 Mobile,5,3818.85
2025-03-15,LATAM,💻 Laptop,9,11478.94
2025-03-15,LATAM,🎧 Audio,10,2339.75
2025-03-15,LATAM,🖥 Desktop,5,5177.33
2025-03-16,NA,📱 Mobile,23,15901.35
2025-03-16,NA,💻 Laptop,13,18005.07
2025-03-16,NA,🎧 Audio,25,5706.51
2025-03-16,NA,🖥 Desktop,24,32381.12
2025-03-16,EU,📱 Mobile,16,13547.56
2025-03-16,EU,💻 Laptop,14,20329.9
2025-03-16,EU,🎧 Audio,16,3737.4
2025-03-16,EU,🖥 Desktop,8,8419.01
2025-03-16,APAC,📱 Mobile,15,13548.75
2025-03-16,APAC,💻 Laptop,11,17448.52
2025-03-16,APAC,🎧 Audio,12,3115.29
2025-03-16,APAC,🖥 Desktop,6,7098.01
2025-03-16,LATAM,📱 Mobile,11,8610.85
2025-03-16,LATAM,💻 Laptop,9,13548.12
2025-03-16,LATAM,🎧 Audio,9,2426.8
2025-03-16,LATAM,🖥 Desktop,8,8285.83
2025-03-17,NA,📱 Mobile,23,17081.81
2025-03-17,NA,💻 Laptop,15,22813.22
2025-03-17,NA,🎧 Audio,37,9371.91
2025-03-17,NA,🖥 Desktop,25,27747.21
2025-03-17,EU,📱 Mobile,28,21806.21
2025-03-17,EU,💻 Laptop,25,34140.87
2025-03-17,EU,🎧 Audio,22,5841.51
2025-03-17,EU,🖥 Desktop,26,32794.33
2025-03-17,APAC,📱 Mobile,18,14466.45
2025-03-17,APAC,💻 Laptop,21,30980.54
2025-03-17,APAC,🎧 Audio,21,4934.01
2025-03-17,APAC,🖥 Desktop,16,21415.79
2025-03-17,LATAM,📱 Mobile,14,10640.8
2025-03-17,LATAM,💻 Laptop,15,24628.9
2025-03-17,LATAM,🎧 Audio,7,1576.34
2025-03-17,LATAM,🖥 Desktop,10,12599.52
2025-03-18,NA,📱 Mobile,21,18141.44
2025-03-18,NA,💻 Laptop,23,37927.62
2025-03-18,NA,🎧 Audio,31,7425.62
2025-03-18,NA,🖥 Desktop,31,33923.79
2025-03-18,EU,📱 Mobile,27,19637.29
2025-03-18,EU,💻 Laptop,25,39768.27
2025-03-18,EU,🎧 Audio,20,4736.71
2025-03-18,EU,🖥 Desktop,24,28529.22
2025-03-18,APAC,📱 Mobile,16,11155.78
2025-03-18,APAC,💻 Laptop,20,25597.33
2025-03-18,APAC,🎧 Audio,25,5469.95
2025-03-18,APAC,🖥 Desktop,17,21728.9
2025-03-18,LATAM,📱 Mobile,16,11297.8
2025-03-18,LATAM,💻 Laptop,11,16444.94
2025-03-18,LATAM,🎧 Audio,10,2532.3
2025-03-18,LATAM,🖥 Desktop,13,13298.85
2025-03-19,NA,📱 Mobile,36,29903.71
2025-03-19,NA,💻 Laptop,22,37308.96
2025-03-19,NA,🎧 Audio,24,5542.78
2025-03-19,NA,🖥 Desktop,23,24608.04
2025-03-19,EU,📱 Mobile,33,29089.46
2025-03-19,EU,💻 Laptop,25,35208.55
2025-03-19,EU,🎧 Audio,26,7174.16
2025-03-19,EU,🖥 Desktop,31,41962.02
2025-03-19,APAC,📱 Mobile,21,18465.19
2025-03-19,APAC,💻 Laptop,24,38617.09
2025-03-19,APAC,🎧 Audio,16,4390.39
2025-03-19,APAC,🖥 Desktop,20,22705.12
2025-03-19,LATAM,📱 Mobile,9,6917.64
2025-03-19,LATAM,💻 Laptop,15,24736.9
2025-03-19,LATAM,🎧 Audio,12,3060.18
2025-03-19,LATAM,🖥 Desktop,13,16200.03
2025-03-20,NA,📱 Mobile,32,28711.9
2025-03-20,NA,💻 Laptop,17,28903.74
2025-03-20,NA,🎧 Audio,19,4261.91
2025-03-20,NA,🖥 Desktop,28,31579.69
2025-03-20,EU,📱 Mobile,21,17747.44
2025-03-20,EU,💻 Laptop,22,29670.02
2025-03-20,EU,🎧 Audio,8,1753.8
2025-03-20,EU,🖥 Desktop,29,29997.01
2025-03-20,APAC,📱 Mobile,15,12802.62
2025-03-20,APAC,💻 Laptop,19,24248.96
2025-03-20,APAC,🎧 Audio,22,5973.42
2025-03-20,APAC,🖥 Desktop,10,11731.6
2025-03-20,LATAM,📱 Mobile,11,8838.6
2025-03-20,LATAM,💻 Laptop,17,24897.24
2025-03-20,LATAM,🎧 Audio,10,2624.58
2025-03-20,LATAM,🖥 Desktop,15,19760.79
2025-03-21,NA,📱 Mobile,31,23280.31
2025-03-21,NA,💻 Laptop,25,36860.5
2025-03-21,NA,🎧 Audio,21,4770.28
2025-03-21,NA,🖥 Desktop,25,26265.38
2025-03-21,EU,📱 Mobile,20,18262.22
2025-03-21,EU,💻 Laptop,29,48833.62
2025-03-21,EU,🎧 Audio,34,9677.64
2025-03-21,EU,🖥 Desktop,11,13674.68
2025-03-21,APAC,📱 Mobile,18,15162.25
2025-03-21,APAC,💻 Laptop,16,24785.87
2025-03-21,APAC,🎧 Audio,16,4543.37
2025-03-21,APAC,🖥 Desktop,23,27440.46
2025-03-21,LATAM,📱 Mobile,10,7624.18
2025-03-21,LATAM,💻 Laptop,10,16732.97
2025-03-21,LATAM,🎧 Audio,14,3687.62
2025-03-21,LATAM,🖥 Desktop,12,14172.53
2025-03-22,NA,📱 Mobile,25,19232.06
2025-03-22,NA,💻 Laptop,23,35335.95
2025-03-22,NA,🎧 Audio,14,3568.06
2025-03-22,NA,🖥 Desktop,22,25579.04
2025-03-22,EU,📱 Mobile,18,16084.77
2025-03-22,EU,💻 Laptop,18,27389.72
2025-03-22,EU,🎧 Audio,22,5093.26
2025-03-22,EU,🖥 Desktop,22,23192.12
2025-03-22,APAC,📱 Mobile,10,7974.27
2025-03-22,APAC,💻 Laptop,12,18291.71
2025-03-22,APAC,🎧 Audio,13,2872.69
2025-03-22,APAC,🖥 Desktop,16,19275.94
2025-03-22,LATAM,📱 Mobile,8,6223.41
2025-03-22,LATAM,💻 Laptop,8,10464.5
2025-03-22,LATAM,🎧 Audio,4,1015.17
2025-03-22,LATAM,🖥 Desktop,10,12772.58
2025-03-23,NA,📱 Mobile,19,17437.4
2025-03-23,NA,💻 Laptop,17,27195.24
2025-03-23,NA,🎧 Audio,27,6531.22
2025-03-23,NA,🖥 Desktop,25,27041.3
2025-03-23,EU,📱 Mobile,21,18185.9
2025-03-23,EU,💻 Laptop,15,20048.42
2025-03-23,EU,🎧 Audio,16,3684.28
2025-03-23,EU,🖥 Desktop,15,17310.67
2025-03-23,APAC,📱 Mobile,17,12429.59
2025-03-23,APAC,💻 Laptop,13,18329.59
2025-03-23,APAC,🎧 Audio,11,3070.62
2025-03-23,APAC,🖥 Desktop,9,11192.59
2025-03-23,LATAM,📱 Mobile,10,9002.01
2025-03-23,LATAM,💻 Laptop,6,10001.09
2025-03-23,LATAM,🎧 Audio,10,2381.05
2025-03-23,LATAM,🖥 Desktop,12,15538.83
2025-03-24,NA,📱 Mobile,22,15607.97
2025-03-24,NA,💻 Laptop,16,23085.7
2025-03-24,NA,🎧 Audio,26,6932.47
2025-03-24,NA,🖥 Desktop,11,11392.27
2025-03-24,EU,📱 Mobile,21,17046.12
2025-03-24,EU,💻 Laptop,22,35999.91
2025-03-24,EU,🎧 Audio,34,8946.81
2025-03-24,EU,🖥 Desktop,32,35573.02
2025-03-24,APAC,📱 Mobile,20,17623.18
2025-03-24,APAC,💻 Laptop,23,35342.21
2025-03-24,APAC,🎧 Audio,19,4194.84
2025-03-24,APAC,🖥 Desktop,18,23548.49
2025-03-24,LATAM,📱 Mobile,14,10494.52
2025-03-24,LATAM,💻 Laptop,16,25347.57
2025-03-24,LATAM,🎧 Audio,11,3059.71
2025-03-24,LATAM,🖥 Desktop,13,15779.87
2025-03-25,NA,📱 Mobile,23,20877.19
2025-03-25,NA,💻 Laptop,16,20499.37
2025-03-25,NA,🎧 Audio,26,6503.46
2025-03-25,NA,🖥 Desktop,31,41363.34
2025-03-25,EU,📱 Mobile,24,17369.96
2025-03-25,EU,💻 Laptop,22,36151.15
2025-03-25,EU,🎧 Audio,21,5211.82
2025-03-25,EU,🖥 Desktop,18,19385.68
2025-03-25,APAC,📱 Mobile,20,17790.5
2025-03-25,APAC,💻 Laptop,14,21698.33
2025-03-25,APAC,🎧 Audio,22,5031.92
2025-03-25,APAC,🖥 Desktop,20,26836.69
2025-03-25,LATAM,📱 Mobile,11,7928.08
2025-03-25,LATAM,💻 Laptop,12,17249.32
2025-03-25,LATAM,🎧 Audio,8,1932.73
2025-03-25,LATAM,🖥 Desktop,13,14915.23
2025-03-26,NA,📱 Mobile,37,28123.96
2025-03-26,NA,💻 Laptop,28,35958.45
2025-03-26,NA,🎧 Audio,8,1727.23
2025-03-26,NA,🖥 Desktop,33,35392.44
2025-03-26,EU,📱 Mobile,21,15657.62
2025-03-26,EU,💻 Laptop,19,28500.01
2025-03-26,EU,🎧 Audio,23,5798.56
2025-03-26,EU,🖥 Desktop,31,42299.68
2025-03-26,APAC,📱 Mobile,19,15476.47
2025-03-26,APAC,💻 Laptop,18,29194.39
2025-03-26,APAC,🎧 Audio,23,5979.6
2025-03-26,APAC,🖥 Desktop,12,14981.57
2025-03-26,LATAM,📱 Mobile,11,9579.63
2025-03-26,LATAM,💻 Laptop,14,23348.73
2025-03-26,LATAM,🎧 Audio,17,4000.09
2025-03-26,LATAM,🖥 Desktop,10,12948.0
2025-03-27,NA,📱 Mobile,27,22476.16
2025-03-27,NA,💻 Laptop,20,28653.87
2025-03-27,NA,🎧 Audio,21,4557.71
2025-03-27,NA,🖥 Desktop,26,29676.34
2025-03-27,EU,📱 Mobile,16,12728.83
2025-03-27,EU,💻 Laptop,40,57611.14
2025-03-27,EU,🎧 Audio,24,5728.62
2025-03-27,EU,🖥 Desktop,28,29927.05
2025-03-27,APAC,📱 Mobile,27,21296.26
2025-03-27,APAC,💻 Laptop,18,26558.7
2025-03-27,APAC,🎧 Audio,14,3152.37
2025-03-27,APAC,🖥 Desktop,16,16702.03
2025-03-27,LATAM,📱 Mobile,11,9398.37
2025-03-27,LATAM,💻 Laptop,15,22846.08
2025-03-27,LATAM,🎧 Audio,15,4223.88
2025-03-27,LATAM,🖥 Desktop,11,13530.04
2025-03-28,NA,📱 Mobile,32,26218.09
2025-03-28,NA,💻 Laptop,30,51580.74
2025-03-28,NA,🎧 Audio,20,4892.4
2025-03-28,NA,🖥 Desktop,38,50638.44
2025-03-28,EU,📱 Mobile,30,26873.56
2025-03-28,EU,💻 Laptop,27,37776.85
2025-03-28,EU,🎧 Audio,24,5396.22
2025-03-28,EU,🖥 Desktop,25,27912.46
2025-03-28,APAC,📱 Mobile,17,13190.26
2025-03-28,APAC,💻 Laptop,15,20477.35
2025-03-28,APAC,🎧 Audio,11,2872.18
2025-03-28,APAC,🖥 Desktop,12,13089.79
2025-03-28,LATAM,📱 Mobile,12,9890.94
2025-03-28,LATAM,💻 Laptop,4,5242.76
2025-03-28,LATAM,🎧 Audio,15,3571.31
2025-03-28,LATAM,🖥 Desktop,6,6415.2
2025-03-29,NA,📱 Mobile,22,19582.33
2025-03-29,NA,💻 Laptop,25,39073.79
2025-03-29,NA,🎧 Audio,23,5451.14
2025-03-29,NA,🖥 Desktop,18,23215.62
2025-03-29,EU,📱 Mobile,14,11801.32
2025-03-29,EU,💻 Laptop,13,18550.98
2025-03-29,EU,🎧 Audio,21,4534.11
2025-03-29,EU,🖥 Desktop,18,22418.5
2025-03-29,APAC,📱 Mobile,11,9058.32
2025-03-29,APAC,💻 Laptop,16,22250.53
2025-03-29,APAC,🎧 Audio,12,3382.76
2025-03-29,APAC,🖥 Desktop,13,15900.17
2025-03-29,LATAM,📱 Mobile,9,7446.17
2025-03-29,LATAM,💻 Laptop,8,12806.89
2025-03-29,LATAM,🎧 Audio,8,1793.71
2025-03-29,LATAM,🖥 Desktop,9,9642.21
2025-03-30,NA,📱 Mobile,20,17507.28
2025-03-30,NA,💻 Laptop,17,24912.72
2025-03-30,NA,🎧 Audio,13,3303.62
2025-03-30,NA,🖥 Desktop,18,22619.69
2025-03-30,EU,📱 Mobile,14,12010.04
2025-03-30,EU,💻 Laptop,14,19474.33
2025-03-30,EU,🎧 Audio,15,4060.49
2025-03-30,EU,🖥 Desktop,10,11313.31
2025-03-30,APAC,📱 Mobile,14,11042.62
2025-03-30,APAC,💻 Laptop,4,5600.87
2025-03-30,APAC,🎧 Audio,5,1111.95
2025-03-30,APAC,🖥 Desktop,11,11255.8
2025-03-30,LATAM,📱 Mobile,5,4329.0
2025-03-30,LATAM,💻 Laptop,9,12943.12
2025-03-30,LATAM,🎧 Audio,10,2692.44
2025-03-30,LATAM,🖥 Desktop,8,8418.95
2025-03-31,NA,📱 Mobile,32,22222.08
2025-03-31,NA,💻 Laptop,29,43524.15
2025-03-31,NA,🎧 Audio,24,6791.55
2025-03-31,NA,🖥 Desktop,27,31093.72
2025-03-31,EU,📱 Mobile,26,22283.54
2025-03-31,EU,💻 Laptop,27,45620.7
2025-03-31,EU,🎧 Audio,25,6771.45
2025-03-31,EU,🖥 Desktop,25,27683.27
2025-03-31,APAC,📱 Mobile,24,19984.08
2025-03-31,APAC,💻 Laptop,18,25738.25
2025-03-31,APAC,🎧 Audio,20,4735.75
2025-03-31,APAC,🖥 Desktop,13,17488.38
2025-03-31,LATAM,📱 Mobile,17,11826.99
2025-03-31,LATAM,💻 Laptop,16,25047.31
2025-03-31,LATAM,🎧 Audio,7,1518.99
2025-03-31,LATAM,🖥 Desktop,16,19569.8
